-8.985957190091536928e-02,9.898596030143147484e-01
-1.734882597664451354e-01,9.671846276949047638e-01
-2.743064351334961737e-01,9.282186731702005700e-01
-3.343519994584382982e-01,8.773903753419896034e-01
-4.345778231357883548e-01,7.781682826386825402e-01
-5.024540403810313638e-01,7.076026929387144726e-01
-5.832477074995305877e-01,6.061359290415301304e-01
-6.211687140161437082e-01,4.912127917435586966e-01
-6.532467805521883220e-01,3.788878304886599824e-01
-6.712085119658581789e-01,2.713292055358328958e-01
-6.955538189169956365e-01,1.469237538666479381e-01
-7.079823360818393585e-01,4.218120841116297821e-03
-6.831697607818454365e-01,-1.293980446469211176e-01
-6.850700693945934727e-01,-2.698797496176216781e-01
-6.522083826659088590e-01,-3.800410908834488954e-01
-6.183332008515719513e-01,-5.025101068984603181e-01
-5.572580383228383782e-01,-6.022712819924909144e-01
-4.923988373605072133e-01,-7.028423086780684059e-01
-4.339789436191246463e-01,-7.949087038955482409e-01
-3.405922943592639696e-01,-8.481042300417895863e-01
-2.829871890408123258e-01,-9.057124472144180150e-01
-1.650228264863770611e-01,-9.565500894806631127e-01
-8.819486699008473318e-02,-9.952119351482474618e-01
1.088645827564795887e-01,1.014967961171209909e+00
2.027929500101580129e-01,9.817070714658807651e-01
2.721669675834703095e-01,9.093797089239006315e-01
3.499465504025588980e-01,8.739031030053547866e-01
4.106726627411098063e-01,7.980948050134192284e-01
5.001331111684499398e-01,7.154592938741020092e-01
5.411379226027783762e-01,6.008209981442522718e-01
6.009805596833883712e-01,4.859623771067257403e-01
6.675880872834623059e-01,3.767325036237840208e-01
6.800957139558702069e-01,2.557161745568336531e-01
7.130130775072927030e-01,1.463705240650337858e-01
7.076002314738989440e-01,-2.644211856775974603e-02
6.946357506527858217e-01,-1.223219579307331939e-01
6.881956173124538223e-01,-2.662339296390118237e-01
6.685798091178406510e-01,-3.985286040052490319e-01
5.982794463873244428e-01,-4.887794001426314927e-01
5.559359935697683053e-01,-5.847327180049776141e-01
4.972369771407328942e-01,-7.147051102688541935e-01
4.216022382433108895e-01,-8.064470937026654296e-01
3.346678380033606404e-01,-8.584604658952199596e-01
2.748523924045165878e-01,-9.083448266779933222e-01
1.721180620766455394e-01,-9.456565368597441568e-01
8.791968206033239086e-02,-9.725519620276753541e-01
-5.193430166191161275e-03,8.911742004918927762e-01
2.997424458704002134e-03,8.123774370184336791e-01
1.932114920584136015e-03,6.929736541105199210e-01
-1.609463656892002811e-02,5.831817574209908761e-01
6.032194198498388137e-03,5.118765563994296386e-01
-1.971535111503488254e-03,3.871076217012587861e-01
1.047650583146047913e-02,2.846352726634251429e-01
-8.556817140711266839e-03,2.074522142424811422e-01
-2.700169408289510020e-02,1.046364351707956553e-01
-6.979690036914037998e-03,1.311356369733766673e-03
-9.084183146498773630e-04,-9.757462725947256554e-02
8.330063240484098311e-03,-2.091004370107808763e-01
1.705178426774299483e-02,-2.912868745326268605e-01
1.012479194763921640e-02,-3.860216322266675770e-01
9.451058660470433581e-03,-4.898710558330569009e-01
9.071233289146214728e-04,-6.171212862118768960e-01
-1.620541200444166989e-03,-7.092341756821204379e-01
-1.707290122218496284e-02,-7.968985665090442261e-01
-6.822593449771711255e-03,-9.123576532561374908e-01
-1.251601296085878487e-02,1.003221004956506901e+00
4.304063390044133609e-03,-9.841305103627979722e-01
